{
  "overall": {
    "overall_mean_ref": 0.25924219771613494,
    "overall_mean_lat": 0.39236923355024056,
    "Δ_overall_mean": 0.13312703583410562,
    "macro_mean_ref": 0.20847523056648254,
    "macro_mean_lat": 0.3124888423886509,
    "Δ_macro_mean": 0.10401361182216834,
    "neg_rate_ref": 0.20408174522187594,
    "neg_rate_lat": 0.1563915165889848,
    "Δ_neg_rate": -0.04769022863289113
  },
  "per_cluster": [
    {
      "cluster": 0,
      "n_ref": 233,
      "n_lat": 11815,
      "mean_ref": 0.16892824496558265,
      "mean_lat": 0.6283863951003251,
      "Δmean": 0.45945815013474245,
      "neg_ref": 0.15021459227467812,
      "neg_lat": 0.03571730850613627,
      "Δneg": -0.11449728376854185,
      "median_ref": 0.19972309470176697,
      "median_lat": 0.6960493922233582,
      "q25_ref": 0.0963616892695427,
      "q25_lat": 0.6075830459594727,
      "q75_ref": 0.2872874438762665,
      "q75_lat": 0.7484234273433685
    },
    {
      "cluster": 1,
      "n_ref": 254,
      "n_lat": 5513,
      "mean_ref": -0.2746773338766666,
      "mean_lat": 0.7003331818717043,
      "Δmean": 0.9750105157483709,
      "neg_ref": 0.7519685039370079,
      "neg_lat": 0.0014511155450752766,
      "Δneg": -0.7505173883919326,
      "median_ref": -0.3352867364883423,
      "median_lat": 0.7421561479568481,
      "q25_ref": -0.5706855952739716,
      "q25_lat": 0.675179660320282,
      "q75_ref": -0.025616420432925224,
      "q75_lat": 0.7805078029632568
    },
    {
      "cluster": 2,
      "n_ref": 266,
      "n_lat": 10957,
      "mean_ref": 0.6310580502355233,
      "mean_lat": 0.5923252725667669,
      "Δmean": -0.03873277766875638,
      "neg_ref": 0.0,
      "neg_lat": 0.00538468558912111,
      "Δneg": 0.00538468558912111,
      "median_ref": 0.6537711918354034,
      "median_lat": 0.6277806758880615,
      "q25_ref": 0.6161861568689346,
      "q25_lat": 0.5238723158836365,
      "q75_ref": 0.6863998174667358,
      "q75_lat": 0.7002410292625427
    },
    {
      "cluster": 3,
      "n_ref": 31460,
      "n_lat": 2452,
      "mean_ref": 0.1594727810641932,
      "mean_lat": 0.20217428177259092,
      "Δmean": 0.04270150070839773,
      "neg_ref": 0.34437380801017164,
      "neg_lat": 0.24429037520391517,
      "Δneg": -0.10008343280625648,
      "median_ref": 0.21959402412176132,
      "median_lat": 0.27144312858581543,
      "q25_ref": -0.12360337190330029,
      "q25_lat": 0.010081995511427522,
      "q75_ref": 0.4912719801068306,
      "q75_lat": 0.45038609951734543
    },
    {
      "cluster": 4,
      "n_ref": 247,
      "n_lat": 55,
      "mean_ref": 0.18136825895894634,
      "mean_lat": 0.13283898866820065,
      "Δmean": -0.04852927029074569,
      "neg_ref": 0.291497975708502,
      "neg_lat": 0.18181818181818182,
      "Δneg": -0.10967979389032018,
      "median_ref": 0.25154203176498413,
      "median_lat": 0.21114642918109894,
      "q25_ref": -0.08732810989022255,
      "q25_lat": 0.08462613448500633,
      "q75_ref": 0.45804373919963837,
      "q75_lat": 0.2544610798358917
    },
    {
      "cluster": 5,
      "n_ref": 70552,
      "n_lat": 34176,
      "mean_ref": 0.3386092407543164,
      "mean_lat": 0.36807474897363834,
      "Δmean": 0.029465508219321923,
      "neg_ref": 0.15056979249348,
      "neg_lat": 0.08807350187265918,
      "Δneg": -0.06249629062082081,
      "median_ref": 0.4402836561203003,
      "median_lat": 0.44861942529678345,
      "q25_ref": 0.1820370890200138,
      "q25_lat": 0.2720803990960121,
      "q75_ref": 0.5477353036403656,
      "q75_lat": 0.5309689491987228
    },
    {
      "cluster": 6,
      "n_ref": 68,
      "n_lat": 1994,
      "mean_ref": 0.5443557382506483,
      "mean_lat": 0.4795685725716534,
      "Δmean": -0.0647871656789949,
      "neg_ref": 0.0,
      "neg_lat": 0.054663991975927785,
      "Δneg": 0.054663991975927785,
      "median_ref": 0.5598147809505463,
      "median_lat": 0.5532894134521484,
      "q25_ref": 0.4864349886775017,
      "q25_lat": 0.4539991691708565,
      "q75_ref": 0.6197313219308853,
      "q75_lat": 0.5991947203874588
    },
    {
      "cluster": 7,
      "n_ref": 15133,
      "n_lat": 39829,
      "mean_ref": 0.2208637996769855,
      "mean_lat": 0.5839653968435901,
      "Δmean": 0.36310159716660456,
      "neg_ref": 0.12059736998612304,
      "neg_lat": 0.021667629114464335,
      "Δneg": -0.0989297408716587,
      "median_ref": 0.2631123661994934,
      "median_lat": 0.633715808391571,
      "q25_ref": 0.13083750009536743,
      "q25_lat": 0.5326191782951355,
      "q75_ref": 0.3404983580112457,
      "q75_lat": 0.7089874744415283
    },
    {
      "cluster": 8,
      "n_ref": 2948,
      "n_lat": 386,
      "mean_ref": 0.3185774665562818,
      "mean_lat": 0.46021815315826536,
      "Δmean": 0.1416406866019836,
      "neg_ref": 0.00508819538670285,
      "neg_lat": 0.16062176165803108,
      "Δneg": 0.15553356627132822,
      "median_ref": 0.32039667665958405,
      "median_lat": 0.6262786686420441,
      "q25_ref": 0.23294692859053612,
      "q25_lat": 0.4505501464009285,
      "q75_ref": 0.4136704355478287,
      "q75_lat": 0.6771335005760193
    },
    {
      "cluster": 9,
      "n_ref": 21377,
      "n_lat": 41082,
      "mean_ref": 0.17091892180320362,
      "mean_lat": 0.15601483150263754,
      "Δmean": -0.01490409030056608,
      "neg_ref": 0.23473827010338214,
      "neg_lat": 0.3433377148142739,
      "Δneg": 0.10859944471089175,
      "median_ref": 0.22610929608345032,
      "median_lat": 0.3153665363788605,
      "q25_ref": 0.018376227468252182,
      "q25_lat": -0.11669091507792473,
      "q75_ref": 0.3796325922012329,
      "q75_lat": 0.5039533078670502
    },
    {
      "cluster": 10,
      "n_ref": 77,
      "n_lat": 5213,
      "mean_ref": 0.5588130879324752,
      "mean_lat": -0.08046333467252942,
      "Δmean": -0.6392764226050046,
      "neg_ref": 0.05194805194805195,
      "neg_lat": 0.5774026472280837,
      "Δneg": 0.5254545952800317,
      "median_ref": 0.6477024555206299,
      "median_lat": -0.0711536630988121,
      "q25_ref": 0.5539004802703857,
      "q25_lat": -0.2949181795120239,
      "q75_ref": 0.6885661482810974,
      "q75_lat": 0.13266873359680176
    },
    {
      "cluster": 11,
      "n_ref": 299,
      "n_lat": 291,
      "mean_ref": 0.2875933829448918,
      "mean_lat": 0.03467938479730584,
      "Δmean": -0.25291399814758597,
      "neg_ref": 0.19732441471571907,
      "neg_lat": 0.4020618556701031,
      "Δneg": 0.20473744095438404,
      "median_ref": 0.37910571694374084,
      "median_lat": 0.18903207778930664,
      "q25_ref": 0.0865669883787632,
      "q25_lat": -0.326895147562027,
      "q75_ref": 0.5132651329040527,
      "q75_lat": 0.3929375559091568
    },
    {
      "cluster": 12,
      "n_ref": 20621,
      "n_lat": 14162,
      "mean_ref": 0.31860262343802886,
      "mean_lat": 0.5809085808847911,
      "Δmean": 0.2623059574467623,
      "neg_ref": 0.17729499054362058,
      "neg_lat": 0.042084451348679566,
      "Δneg": -0.13521053919494103,
      "median_ref": 0.4391970932483673,
      "median_lat": 0.681908905506134,
      "q25_ref": 0.16712917387485504,
      "q25_lat": 0.5899702608585358,
      "q75_ref": 0.5389801263809204,
      "q75_lat": 0.7219685912132263
    },
    {
      "cluster": 13,
      "n_ref": 545,
      "n_lat": 534,
      "mean_ref": -0.14163405228686016,
      "mean_lat": 0.12445500832354503,
      "Δmean": 0.26608906061040516,
      "neg_ref": 0.6880733944954128,
      "neg_lat": 0.32771535580524347,
      "Δneg": -0.36035803869016936,
      "median_ref": -0.13212890923023224,
      "median_lat": 0.2622815668582916,
      "q25_ref": -0.3380870223045349,
      "q25_lat": -0.14877347275614738,
      "q75_ref": 0.055515870451927185,
      "q75_lat": 0.394346185028553
    },
    {
      "cluster": 14,
      "n_ref": 1143,
      "n_lat": 1245,
      "mean_ref": -0.2497296813821176,
      "mean_lat": 0.20261554563907536,
      "Δmean": 0.45234522702119295,